outcome,spec,term,coef,std_err,p_value,ci_low,ci_high,n,r2,adj_r2
feminicidis_per100k,CLUSTER,Intercept,0.07594689844903914,0.019119871219227178,7.122837684382968e-05,0.03847263947030994,0.11342115742776834,1092,0.024585794251591686,0.021896233022506095
feminicidis_per100k,CLUSTER,votes_per100k_used,4.1845754006775647e-07,1.5912332916939237e-07,0.008544299613554896,1.0658154579563561e-07,7.303335343398774e-07,1092,0.024585794251591686,0.021896233022506095
feminicidis_per100k,CLUSTER,atur_annual_mean_pct,0.002152985067636968,0.0010896996987752312,0.0481819667316283,1.721290407336951e-05,0.004288757231200566,1092,0.024585794251591686,0.021896233022506095
feminicidis_per100k,CLUSTER,immigracio_per100k,1.0868344984859266e-05,2.0184254522490764e-06,7.261967011823495e-08,6.912303792972106e-06,1.4824386176746426e-05,1092,0.024585794251591686,0.021896233022506095
