outcome,spec,term,coef,std_err,p_value,ci_low,ci_high,n
denuncies_per100k,ITS_2016_CLUSTER,votes_per100k_used,-0.0023906543270336557,0.0015780543312211882,0.1297881292853847,-0.005483583981874626,0.0007022753278073147,1092
denuncies_per100k,ITS_2016_CLUSTER,atur_annual_mean_pct,-28.34562612885874,9.625792927230252,0.0032320785126963647,-47.21183358887042,-9.479418668847064,1092
denuncies_per100k,ITS_2016_CLUSTER,immigracio_per100k,-0.024005108470773494,0.010934769550291054,0.02814202671856098,-0.0454368629685892,-0.0025733539729577842,1092
denuncies_per100k,ITS_2016_CLUSTER,time,75.20579571761976,10.552637651228531,1.0278168154312788e-12,54.5230059793105,95.88858545592903,1092
denuncies_per100k,ITS_2016_CLUSTER,post2016,-101.51060742914578,90.96293278738227,0.26444107833520925,-279.79467962055264,76.77346476226111,1092
denuncies_per100k,ITS_2016_CLUSTER,timeAfter2016,26.011422583844947,24.508328448178734,0.28853998714584106,-22.024018495863807,74.0468636635537,1092
