outcome,spec,term,coef,std_err,p_value,ci_low,ci_high,n,r2,adj_r2
feminicidis_per100k,HC3,Intercept,0.07594689844903914,0.019737194883617717,0.00011913105821126173,0.03726270732130019,0.11463108957677809,1092,0.024585794251591686,0.021896233022506095
feminicidis_per100k,HC3,votes_per100k_used,4.1845754006775647e-07,7.208988522295773e-07,0.561600158953909,-9.944782467984775e-07,1.8313933269339905e-06,1092,0.024585794251591686,0.021896233022506095
feminicidis_per100k,HC3,atur_annual_mean_pct,0.002152985067636968,0.001038732736771171,0.03819987391421728,0.00011710631400274835,0.0041888638212711875,1092,0.024585794251591686,0.021896233022506095
feminicidis_per100k,HC3,immigracio_per100k,1.0868344984859266e-05,1.8744486188559384e-06,6.704817938696973e-09,7.19449320103078e-06,1.4542196768687753e-05,1092,0.024585794251591686,0.021896233022506095
