,votes_per100k_used,denuncies_per100k,ordres_per100k,feminicidis_per100k,atur_annual_mean_pct,immigracio_per100k
votes_per100k_used,0.0,0.2200136152229963,0.23433562783234665,0.7866688740263428,1.8319196854660995e-06,0.03163634665099406
denuncies_per100k,0.2200136152229963,0.0,4.636545348211274e-107,0.03340543816074548,1.5815352239839099e-13,0.34499583705850456
ordres_per100k,0.23433562783234665,4.636545348211274e-107,0.0,0.30745740045073516,2.1878313863913198e-13,0.12586927719195676
feminicidis_per100k,0.7866688740263428,0.03340543816074548,0.30745740045073516,0.0,0.8786974905050247,3.1700694013046847e-06
atur_annual_mean_pct,1.8319196854660995e-06,1.5815352239839099e-13,2.1878313863913198e-13,0.8786974905050247,0.0,5.32445250805309e-57
immigracio_per100k,0.03163634665099406,0.34499583705850456,0.12586927719195676,3.1700694013046847e-06,5.32445250805309e-57,0.0
