,votes_per100k_used,denuncies_per100k,ordres_per100k,feminicidis_per100k,atur_annual_mean_pct,immigracio_per100k
votes_per100k_used,0.9999999999999983,0.036289721670071606,0.03518891929757886,0.008010231454968833,-0.14051473664295594,-0.06503658454529948
denuncies_per100k,0.036289721670071606,1.0,0.5873916351853946,0.06289776780942638,0.21585634194756803,0.028603946706259004
ordres_per100k,0.03518891929757886,0.5873916351853946,0.9999999999999971,0.03019996758931946,0.2146188059493845,0.04634613129542813
feminicidis_per100k,0.008010231454968833,0.06289776780942638,0.03019996758931946,0.9999999999999807,-0.004517237451880575,0.14046360192912505
atur_annual_mean_pct,-0.14051473664295594,0.21585634194756803,0.2146188059493845,-0.004517237451880575,0.9999999999999991,-0.45534377671240633
immigracio_per100k,-0.06503658454529948,0.028603946706259004,0.04634613129542813,0.14046360192912505,-0.45534377671240633,0.9999999999999969
