,votes_per100k_used,denuncies_per100k,ordres_per100k,feminicidis_per100k,atur_annual_mean_pct,immigracio_per100k
votes_per100k_used,1.0,0.08378517474410566,0.03262501106267462,-0.1421942917896858,-0.24508709430046824,0.011754017358628337
denuncies_per100k,0.08378517474410566,0.9999999999999998,0.6100898964371618,0.20504542616490207,0.2539311335631274,0.1434097889871628
ordres_per100k,0.03262501106267462,0.6100898964371618,0.9999999999999998,0.12586036788502397,0.22649947012021973,0.09555784054185465
feminicidis_per100k,-0.1421942917896858,0.20504542616490207,0.12586036788502397,1.0,0.01815513140001098,0.17370193176925686
atur_annual_mean_pct,-0.24508709430046824,0.2539311335631274,0.22649947012021973,0.01815513140001098,1.0,-0.6349481283066308
immigracio_per100k,0.011754017358628337,0.1434097889871628,0.09555784054185465,0.17370193176925686,-0.6349481283066308,1.0
