,votes_per100k_used,denuncies_per100k,ordres_per100k,feminicidis_per100k,atur_annual_mean_pct,immigracio_per100k
votes_per100k_used,0.0,0.004571663425695849,0.27021604064667154,1.3739600694902461e-06,4.1313256399527813e-17,0.6980271112318699
denuncies_per100k,0.004571663425695849,0.0,1.3776046360755352e-117,2.5195172486010104e-12,2.7163679675273577e-18,1.953030030199274e-06
ordres_per100k,0.27021604064667154,1.3776046360755352e-117,0.0,1.960719490376567e-05,8.93849140815805e-15,0.0015702918196294473
feminicidis_per100k,1.3739600694902461e-06,2.5195172486010104e-12,1.960719490376567e-05,0.0,0.5395844373221873,7.583995604813854e-09
atur_annual_mean_pct,4.1313256399527813e-17,2.7163679675273577e-18,8.93849140815805e-15,0.5395844373221873,0.0,2.6467702206829543e-124
immigracio_per100k,0.6980271112318699,1.953030030199274e-06,0.0015702918196294473,7.583995604813854e-09,2.6467702206829543e-124,0.0
